{
    "$schema": "http://json-schema.org/draft-06/schema#",
    "$id": "https://raw.githubusercontent.com/microsoft/Quantum/main/Chemistry/Schema/broombridge-0.2.schema.json",
    "title": "Broombridge Schema",

    "definitions": {
        "hasUnits": {
            "type": "object",
            "required": [
                "units"
            ],
            "properties": {
                "units": {
                    "type": "string",
                    "enum": [
                        "hartree", "angstrom", "bohr"
                    ]
                }
            }
        },

        "simpleQuantity": {
            "allOf": [
                {"$ref": "#/definitions/hasUnits"},
                {
                    "type": "object",
                    "required": [
                        "value"
                    ],
                    "additionalProperties": false,
                    "properties": {
                        "units": {},
                        "value": {
                            "type": "number"
                        }
                    }
                }
            ]
        },

        "formattedArray": {
            "allOf": [
                {"$ref": "#/definitions/hasUnits"},
                {
                    "type": "object",
                    "required": [
                        "format", "values"
                    ],
                    "properties": {
                        "values": {
                            "type": "array"
                        },
                        "format": {
                            "type": "string",
                            "enum": ["sparse"]
                        }
                    }
                }
            ]
        }
    },

    "type": "object",
    "required": [
        "$schema", "format", "problem_description"
    ],
    "additionalProperties": false,

    "properties": {
        "$schema": {
            "type": "string",
            "enum": [
                "https://raw.githubusercontent.com/microsoft/Quantum/main/Chemistry/Schema/broombridge-0.2.schema.json"
            ]
        },

        "format": {
            "type": "object",
            "properties": {
                "version": {
                    "type": "string",
                    "enum": [
                        "0.2"
                    ]
                }
            }
        },

        "generator": {
            "type": "object",
            "required": ["source"],
            "additionalProperties": false,
            "properties": {
                "source": {
                    "type": "string"
                },
                "version": {
                    "type": "string"
                }
            }
        },

        "bibliography": {
            "type": "array",
            "items": {
                "oneOf": [
                    {
                        "type": "object",
                        "required": [
                            "arXiv"
                        ],
                        "properties": {
                            "arXiv": {
                                "type": "string"
                            }
                        }
                    },

                    {
                        "type": "object",
                        "required": [
                            "doi"
                        ],
                        "properties": {
                            "doi": {
                                "type": "string"
                            }
                        }
                    },

                    {
                        "type": "object",
                        "required": [
                            "url"
                        ],
                        "properties": {
                            "url": {
                                "type": "string"
                            }
                        }
                    }
                ]
            }
        },

        "problem_description": {
            "type": "array",
            "additionalProperties": true,
            "items": {
                "type": "object",
                "required": [
                    "metadata", "coulomb_repulsion",
                    "n_electrons", "energy_offset", "hamiltonian"
                ],
                "propertyNames": {
                    "enum": [
                        "metadata", "coulomb_repulsion", "fci_energy", 
                        "n_electrons", "energy_offset", "hamiltonian", 
                        "basis_set", "geometry", "scf_energy", "scf_energy_offset",
                        "energy_offset", "n_orbitals", "n_electrons", 
                        "initial_state_suggestions"]
                },
                "additionalProperties": false,
                "properties": {
                    "metadata": {
                        "type": "object"
                    },

                    "basis_set": {
                        "type": "object",
                        "required": [
                            "type", "name"
                        ],
                        "additionalProperties": false,
                        "properties": {
                            "type": {
                                "type": "string"
                            },
                            "name": {
                                "type": "string"
                            }
                        }
                    },

                    "geometry": {
                        "allOf": [
                            {"$ref": "#/definitions/hasUnits"},
                            {
                                "type": "object",
                                "additionalProperties": false,
                                "required": [
                                    "coordinate_system",
                                    "symmetry",
                                    "atoms"
                                ],
                                "properties": {
                                    "units": {},
                                    "coordinate_system": {
                                        "type": "string"
                                    },
                                    "symmetry": {
                                        "type": "string"
                                    },
                                    "atoms": {
                                        "type": "array",
                                        "items": {
                                            "type": "object",
                                            "additionalProperties": false,
                                            "required": [
                                                "name", "coords"
                                            ],
                                            "properties": {
                                                "name": {
                                                    "type": "string"
                                                },
                                                "coords": {
                                                    "type": "array",
                                                    "items": {
                                                        "type": "number"
                                                    }
                                                }
                                            }
                                        }
                                    }
                                }
                            }
                        ]
                    },

                    "coulomb_repulsion": {
                        "$ref": "#/definitions/simpleQuantity"
                    },

                    "scf_energy": {
                        "$ref": "#/definitions/simpleQuantity"
                    },

                    "scf_energy_offset": {
                        "$ref": "#/definitions/simpleQuantity"
                    },

                    "energy_offset": {
                        "$ref": "#/definitions/simpleQuantity"
                    },

                    "fci_energy": {
                        "allOf": [
                            {"$ref": "#/definitions/hasUnits"},
                            {
                                "type": "object",
                                "required": [
                                    "upper", "lower"
                                ],
                                "additionalProperties": false,
                                "properties": {
                                    "units": {},
                                    "value": {"type": "number"},
                                    "lower": {"type": "number"},
                                    "upper": {"type": "number"}
                                }
                            }
                        ]
                    },

                    "n_orbitals": {
                        "type": "integer",
                        "minimum": 1
                    },

                    "n_electrons": {
                        "type": "integer",
                        "minimum": 1
                    },

                    "hamiltonian": {
                        "type": "object",
                        "additionalProperties": false,
                        "required": [
                            "one_electron_integrals",
                            "two_electron_integrals"
                        ],

                        "properties": {
                            "particle_hole_representation": {
                                "allOf": [
                                    {"$ref": "#/definitions/formattedArray"},
                                    {
                                        "type": "object",
                                        "additionalProperties": false,

                                        "properties": {
                                            "units": {},
                                            "format": {},
                                            "values": {
                                                "items": {
                                                    "items": [
                                                        {"type": "integer"},
                                                        {"type": "integer"},
                                                        {"type": "integer"},
                                                        {"type": "integer"},
                                                        {"type": "number"},
                                                        {"type": "string"}
                                                    ]
                                                }
                                            }
                                        }
                                    }
                                ]
                            },

                            "one_electron_integrals": {
                                "allOf": [
                                    {"$ref": "#/definitions/formattedArray"},
                                    {
                                        "type": "object",
                                        "additionalProperties": false,

                                        "properties": {
                                            "units": {},
                                            "format": {},
                                            "values": {
                                                "items": {
                                                    "items": [
                                                        {"type": "integer"},
                                                        {"type": "integer"},
                                                        {"type": "number"}
                                                    ]
                                                }
                                            }
                                        }
                                    }
                                ]
                            },

                            "two_electron_integrals": {
                                "allOf": [
                                    {"$ref": "#/definitions/formattedArray"},
                                    {
                                        "type": "object",
                                        "additionalProperties": false,
                                        "required": [
                                            "index_convention"
                                        ],

                                        "properties": {
                                            "units": {},
                                            "format": {},
                                            "values": {
                                                "items": {
                                                    "items": [
                                                        {"type": "integer"},
                                                        {"type": "integer"},
                                                        {"type": "integer"},
                                                        {"type": "integer"},
                                                        {"type": "number"}
                                                    ]
                                                }
                                            },
                                            "index_convention": {
                                                "type": "string",
                                                "enum": ["mulliken"]
                                            }
                                        }
                                    }
                                ]
                            }
                        }
                    },

                    "initial_state_suggestions": {
                        "type": "array",
                        "items": {
                            "required": [
                                "label", "method"
                            ],
                            "propertyNames": {
                                "enum": ["label","method","energy","superposition", "cluster_operator"]
                            },
                            "properties": {
                                "label": {
                                    "type": "string"
                                },
                                "method": {
                                    "enum": [
                                        "unitary_coupled_cluster",
                                        "sparse_multi_configurational"
                                    ]
                                },
                                "energy": {
                                    "$ref": "#/definitions/simpleQuantity"
                                }
                            },
                            "oneOf": [
                                {
                                    "required": [
                                        "superposition"
                                    ],                                    
                                    "properties": {
                                        "superposition": {
                                            "type": "array",
                                            "items": {
                                                "type": "array",
                                                "items": [
                                                    {"type": "number"}
                                                ],
                                                "additionalItems": {
                                                    "type": "string"
                                                }
                                            }
                                        }
                                    }
                                },
                                {
                                    "required": ["cluster_operator"],
                                    "properties": {
                                        "cluster_operator": {
                                            "required": ["reference_state"],
                                            "propertyNames": {
                                                "enum": ["reference_state","one_body_amplitudes","two_body_amplitudes"]
                                            },
                                            "properties": {
                                                "reference_state": {
                                                    "type": "array",
                                                    "items": [{"type": "number"}],
                                                    "additionalItems": {"type": "string"}
                                                },
                                                "one_body_amplitudes":{
                                                    "type": "array",
                                                    "items": {
                                                        "items": [
                                                            {"type": "number"},
                                                            {"type": "string"},
                                                            {"type": "string"}
                                                        ]
                                                    }
                                                },
                                                "two_body_amplitudes":{
                                                    "type": "array",
                                                    "items": {
                                                        "items": [
                                                            {"type": "number"},
                                                            {"type": "string"},
                                                            {"type": "string"},
                                                            {"type": "string"},
                                                            {"type": "string"}
                                                        ]
                                                    }
                                                }
                                            }
                                        }
                                    }
                                }
                            ]
                        }
                    }
                }
            }
        }
    }
}
